{
  "Matrix Factorization": {
    "Precision@10": 0.11016893010930773,
    "Recall@10": 0.16529552537809836,
    "NDCG@10": 0.1682746367729815
  },
  "NGCF": {
    "Precision@10": 0.11185823120238492,
    "Recall@10": 0.16798684865973448,
    "NDCG@10": 0.17039994623535318
  },
  "LightGCN": {
    "Precision@10": 0.1148724743292481,
    "Recall@10": 0.1757729181570338,
    "NDCG@10": 0.17605911166117544
  }
}