{
  "3": {
    "MF": {
      "Precision@10": 0.11073203047366678,
      "Recall@10": 0.16749064471660838,
      "NDCG@10": 0.1684870153314009
    },
    "NGCF": {
      "Precision@10": 0.10972176217290494,
      "Recall@10": 0.16503022270764892,
      "NDCG@10": 0.16655829777534134
    },
    "LightGCN": {
      "Precision@10": 0.1133653527658165,
      "Recall@10": 0.1738899387174013,
      "NDCG@10": 0.1744093056045865
    }
  },
  "5": {
    "MF": {
      "Precision@10": 0.11091421000331236,
      "Recall@10": 0.16791245011206474,
      "NDCG@10": 0.16981058196268917
    },
    "NGCF": {
      "Precision@10": 0.11098045710500166,
      "Recall@10": 0.16796696577032663,
      "NDCG@10": 0.1672973940112065
    },
    "LightGCN": {
      "Precision@10": 0.11581649552832063,
      "Recall@10": 0.17668912591140368,
      "NDCG@10": 0.17757715766659865
    }
  },
  "10": {
    "MF": {
      "Precision@10": 0.11015236833388542,
      "Recall@10": 0.16937107165439672,
      "NDCG@10": 0.16836958692662873
    },
    "NGCF": {
      "Precision@10": 0.1102186154355747,
      "Recall@10": 0.16529571205292604,
      "NDCG@10": 0.16779940210778602
    },
    "LightGCN": {
      "Precision@10": 0.11598211328254387,
      "Recall@10": 0.1815881724623529,
      "NDCG@10": 0.1785322487191215
    }
  },
  "20": {
    "MF": {
      "Precision@10": 0.11215634315998675,
      "Recall@10": 0.16817004878913447,
      "NDCG@10": 0.1703401375822256
    },
    "NGCF": {
      "Precision@10": 0.10998675057966215,
      "Recall@10": 0.16635279372158676,
      "NDCG@10": 0.16638585989276403
    },
    "LightGCN": {
      "Precision@10": 0.11515402451142763,
      "Recall@10": 0.18087278470630988,
      "NDCG@10": 0.17786508595950357
    }
  }
}