{
  "Matrix Factorization": {
    "Precision@10": 0.11076515402451143,
    "Recall@10": 0.16683686704332487,
    "NDCG@10": 0.16881022897795245
  },
  "NGCF": {
    "Precision@10": 0.11013580655846307,
    "Recall@10": 0.16358621129879794,
    "NDCG@10": 0.16605399859691972
  },
  "LightGCN": {
    "Precision@10": 0.11556806889698575,
    "Recall@10": 0.18145905892171968,
    "NDCG@10": 0.17845926910401247
  }
}